<?xml version="1.0" encoding="UTF-8"?>
<point_cloud version="1.2.0">
  <tracks path="tracks.ply" count="101428"/>
  <points path="points.ply" count="83823"/>
  <projections camera_id="0" path="p0.ply" count="4239"/>
  <projections camera_id="1" path="p1.ply" count="4084"/>
  <projections camera_id="2" path="p2.ply" count="4180"/>
  <projections camera_id="3" path="p3.ply" count="5637"/>
  <projections camera_id="4" path="p4.ply" count="5941"/>
  <projections camera_id="5" path="p5.ply" count="6265"/>
  <projections camera_id="6" path="p6.ply" count="6231"/>
  <projections camera_id="7" path="p7.ply" count="5799"/>
  <projections camera_id="8" path="p8.ply" count="5843"/>
  <projections camera_id="9" path="p9.ply" count="5233"/>
  <projections camera_id="10" path="p10.ply" count="5556"/>
  <projections camera_id="11" path="p11.ply" count="5570"/>
  <projections camera_id="12" path="p12.ply" count="4355"/>
  <projections camera_id="13" path="p13.ply" count="4835"/>
  <projections camera_id="14" path="p14.ply" count="4734"/>
  <projections camera_id="15" path="p15.ply" count="4618"/>
  <projections camera_id="16" path="p16.ply" count="4473"/>
  <projections camera_id="17" path="p17.ply" count="5680"/>
  <projections camera_id="18" path="p18.ply" count="5082"/>
  <projections camera_id="19" path="p19.ply" count="5651"/>
  <projections camera_id="20" path="p20.ply" count="5783"/>
  <projections camera_id="21" path="p21.ply" count="4670"/>
  <projections camera_id="22" path="p22.ply" count="4791"/>
  <projections camera_id="23" path="p23.ply" count="4901"/>
  <projections camera_id="24" path="p24.ply" count="4843"/>
  <projections camera_id="25" path="p25.ply" count="4729"/>
  <projections camera_id="26" path="p26.ply" count="4292"/>
  <projections camera_id="27" path="p27.ply" count="4217"/>
  <projections camera_id="28" path="p28.ply" count="4258"/>
  <projections camera_id="29" path="p29.ply" count="4520"/>
  <projections camera_id="30" path="p30.ply" count="4144"/>
  <projections camera_id="31" path="p31.ply" count="1056"/>
  <projections camera_id="32" path="p32.ply" count="4871"/>
  <projections camera_id="33" path="p33.ply" count="4823"/>
  <projections camera_id="34" path="p34.ply" count="4648"/>
  <projections camera_id="35" path="p35.ply" count="4611"/>
  <projections camera_id="36" path="p36.ply" count="4530"/>
  <projections camera_id="37" path="p37.ply" count="4131"/>
  <projections camera_id="38" path="p38.ply" count="4471"/>
  <projections camera_id="39" path="p39.ply" count="4930"/>
  <projections camera_id="40" path="p40.ply" count="5860"/>
  <projections camera_id="41" path="p41.ply" count="6116"/>
  <projections camera_id="42" path="p42.ply" count="6393"/>
  <projections camera_id="43" path="p43.ply" count="4000"/>
  <projections camera_id="44" path="p44.ply" count="4103"/>
  <projections camera_id="45" path="p45.ply" count="4191"/>
  <projections camera_id="46" path="p46.ply" count="4184"/>
  <projections camera_id="47" path="p47.ply" count="4181"/>
  <projections camera_id="48" path="p48.ply" count="1847"/>
  <projections camera_id="49" path="p49.ply" count="4227"/>
  <projections camera_id="50" path="p50.ply" count="4146"/>
  <projections camera_id="51" path="p51.ply" count="4187"/>
  <projections camera_id="52" path="p52.ply" count="4271"/>
  <projections camera_id="53" path="p53.ply" count="737"/>
  <projections camera_id="54" path="p54.ply" count="4230"/>
  <projections camera_id="55" path="p55.ply" count="4209"/>
  <projections camera_id="56" path="p56.ply" count="4148"/>
  <projections camera_id="57" path="p57.ply" count="4471"/>
  <projections camera_id="58" path="p58.ply" count="4024"/>
  <projections camera_id="59" path="p59.ply" count="4134"/>
  <projections camera_id="60" path="p60.ply" count="4531"/>
  <projections camera_id="61" path="p61.ply" count="2073"/>
  <projections camera_id="62" path="p62.ply" count="4073"/>
  <projections camera_id="63" path="p63.ply" count="4110"/>
  <projections camera_id="64" path="p64.ply" count="4075"/>
  <projections camera_id="65" path="p65.ply" count="4107"/>
  <projections camera_id="66" path="p66.ply" count="4109"/>
  <projections camera_id="67" path="p67.ply" count="4077"/>
  <projections camera_id="68" path="p68.ply" count="4047"/>
  <projections camera_id="69" path="p69.ply" count="4133"/>
  <projections camera_id="70" path="p70.ply" count="4089"/>
  <projections camera_id="71" path="p71.ply" count="4060"/>
  <projections camera_id="72" path="p72.ply" count="3970"/>
  <projections camera_id="73" path="p73.ply" count="4265"/>
  <projections camera_id="74" path="p74.ply" count="4123"/>
  <projections camera_id="75" path="p75.ply" count="4128"/>
  <projections camera_id="76" path="p76.ply" count="4193"/>
  <projections camera_id="77" path="p77.ply" count="4324"/>
  <projections camera_id="78" path="p78.ply" count="4274"/>
  <projections camera_id="79" path="p79.ply" count="4116"/>
  <projections camera_id="80" path="p80.ply" count="4134"/>
  <projections camera_id="81" path="p81.ply" count="3958"/>
  <projections camera_id="82" path="p82.ply" count="4182"/>
  <projections camera_id="83" path="p83.ply" count="4134"/>
  <projections camera_id="84" path="p84.ply" count="4095"/>
  <projections camera_id="85" path="p85.ply" count="4123"/>
  <projections camera_id="86" path="p86.ply" count="4239"/>
  <projections camera_id="87" path="p87.ply" count="4112"/>
  <projections camera_id="88" path="p88.ply" count="4118"/>
  <projections camera_id="89" path="p89.ply" count="4317"/>
  <projections camera_id="90" path="p90.ply" count="4010"/>
  <projections camera_id="91" path="p91.ply" count="2518"/>
  <projections camera_id="92" path="p92.ply" count="2564"/>
  <projections camera_id="93" path="p93.ply" count="3904"/>
  <projections camera_id="94" path="p94.ply" count="4953"/>
  <projections camera_id="95" path="p95.ply" count="4908"/>
  <projections camera_id="96" path="p96.ply" count="3981"/>
  <projections camera_id="97" path="p97.ply" count="3621"/>
  <projections camera_id="98" path="p98.ply" count="3824"/>
  <projections camera_id="99" path="p99.ply" count="1770"/>
  <projections camera_id="100" path="p100.ply" count="4115"/>
  <projections camera_id="101" path="p101.ply" count="5181"/>
  <projections camera_id="102" path="p102.ply" count="826"/>
  <projections camera_id="103" path="p103.ply" count="4015"/>
  <projections camera_id="104" path="p104.ply" count="2994"/>
  <projections camera_id="105" path="p105.ply" count="2544"/>
  <projections camera_id="106" path="p106.ply" count="3185"/>
  <projections camera_id="107" path="p107.ply" count="3249"/>
  <projections camera_id="108" path="p108.ply" count="3334"/>
  <projections camera_id="109" path="p109.ply" count="1653"/>
  <projections camera_id="110" path="p110.ply" count="2527"/>
  <projections camera_id="111" path="p111.ply" count="49"/>
  <projections camera_id="112" path="p112.ply" count="4665"/>
  <projections camera_id="113" path="p113.ply" count="3944"/>
  <projections camera_id="114" path="p114.ply" count="1997"/>
  <projections camera_id="115" path="p115.ply" count="1888"/>
  <projections camera_id="116" path="p116.ply" count="2242"/>
  <projections camera_id="117" path="p117.ply" count="2190"/>
  <projections camera_id="118" path="p118.ply" count="1534"/>
  <projections camera_id="119" path="p119.ply" count="1155"/>
  <projections camera_id="120" path="p120.ply" count="2449"/>
  <meta>
    <property name="match/duration" value="2828.564682"/>
    <property name="match/match_downscale" value="1"/>
    <property name="match/match_filter_mask" value="true"/>
    <property name="match/match_point_limit" value="40000"/>
    <property name="match/match_select_pairs" value="1"/>
    <property name="match/match_tiepoint_limit" value="4000"/>
  </meta>
</point_cloud>
